"0","data4 = data3 |> mutate(year = as.factor(year))"
"2","G1;Erro: objeto 'data3' n√£o encontrado
Erros durante o embrulho: n√£o h√° tantas estruturas na pilha
H1;Errorh: no more error handlers available (recursive errors?); invoking 'abort' restart
g"
"0","metamodel2 = rma.uni(yi = slope,"
"0","                    vi = vi,"
"0","                    mods = ~ 0+enso, "
"0","                    random = list(~1|year/study),"
"0","                    # struct = ""HCS"","
"0","                    method = ""ML"","
"0","                    data =data4)"
"2","G1;Erro: objeto 'data4' n√£o encontrado
Erros durante o embrulho: n√£o h√° tantas estruturas na pilha
H1;Errorh: no more error handlers available (recursive errors?); invoking 'abort' restart
g"
"0","metamodel2"
"2","G1;Erro: objeto 'metamodel2' n√£o encontrado
Erros durante o embrulho: n√£o h√° tantas estruturas na pilha
H1;Errorh: no more error handlers available (recursive errors?); invoking 'abort' restart
g"
